City_ID,City,Country,Date,Lat,Lng,Max Temp,Humidity,Cloudiness,Wind Speed,Weather Description
0,Port Alfred,ZA,2022-07-02 21:27:25,-33.5906,26.891,70.5,56,13,9.69,few clouds
1,Victoria,HK,2022-07-02 21:26:23,22.2855,114.1577,84.38,85,100,25.01,light rain
2,Punta Arenas,CL,2022-07-02 21:27:25,-53.15,-70.9167,37.51,75,75,13.8,broken clouds
3,Ushuaia,AR,2022-07-02 21:27:26,-54.8,-68.3,40.66,52,20,10.36,few clouds
4,Ribeira Grande,PT,2022-07-02 21:27:26,38.5167,-28.7,67.51,79,5,15.37,clear sky
5,Rikitea,PF,2022-07-02 21:27:26,-23.1203,-134.9692,74.01,73,7,20.11,light rain
6,Butaritari,KI,2022-07-02 21:27:27,3.0707,172.7902,82.58,78,100,19.22,light rain
7,Middelburg,ZA,2022-07-02 21:27:27,-25.7751,29.4648,48.61,47,0,3.29,clear sky
8,Cidreira,BR,2022-07-02 21:27:27,-30.1811,-50.2056,66.27,85,46,9.66,scattered clouds
9,Ordu,TR,2022-07-02 21:27:27,40.9086,37.6845,57.7,93,0,4.23,clear sky
10,Mandalgovi,MN,2022-07-02 21:27:28,45.7625,106.2708,65.71,62,100,17.45,overcast clouds
11,Ronneby,SE,2022-07-02 21:27:28,56.21,15.276,61.3,94,5,2.3,clear sky
12,Klaksvik,FO,2022-07-02 21:27:28,62.2266,-6.589,49.12,91,100,21.03,light rain
13,Hermanus,ZA,2022-07-02 21:27:28,-34.4187,19.2345,58.8,72,2,19.24,clear sky
14,Yumen,CN,2022-07-02 21:27:29,40.2833,97.2,70.07,36,65,7.43,broken clouds
15,Atuona,PF,2022-07-02 21:27:29,-9.8,-139.0333,77.43,77,0,14.07,clear sky
16,Stromness,GB,2022-07-02 21:27:29,58.965,-3.296,52.88,88,99,5.99,overcast clouds
17,Santa Cruz,BO,2022-07-02 21:27:29,-17.8,-63.1667,83.66,51,75,18.41,broken clouds
18,Saskylakh,RU,2022-07-02 21:27:30,71.9167,114.0833,58.98,59,74,8.14,broken clouds
19,Torbat-E Jam,IR,2022-07-02 21:27:30,35.244,60.6225,84.42,17,0,13.89,clear sky
20,Mataura,NZ,2022-07-02 21:27:30,-46.1927,168.8643,42.48,95,40,3.4,scattered clouds
21,Duma,CN,2022-07-02 21:27:31,34.7653,108.135,65.48,77,0,1.61,clear sky
22,Sao Gabriel Da Cachoeira,BR,2022-07-02 21:27:31,-0.1303,-67.0892,85.8,70,40,5.75,scattered clouds
23,Fomboni,KM,2022-07-02 21:27:31,-12.28,43.7425,78.1,68,75,14.63,light rain
24,Zonguldak,TR,2022-07-02 21:27:31,41.25,31.8333,57.78,90,0,2.98,clear sky
25,Bambous Virieux,MU,2022-07-02 21:27:32,-20.3428,57.7575,71.85,60,40,17.27,scattered clouds
26,Barrow,US,2022-07-02 21:27:32,71.2906,-156.7887,46.42,76,0,12.66,clear sky
27,Longyearbyen,SJ,2022-07-02 21:27:32,78.2186,15.6401,45.43,87,95,3.38,overcast clouds
28,Krasnovishersk,RU,2022-07-02 21:27:32,60.4078,57.082,54.59,88,91,4.83,overcast clouds
29,Shama,CN,2022-07-02 21:27:33,33.6102,104.2852,53.74,92,1,3.94,clear sky
30,Grand Baie,MU,2022-07-02 21:25:45,-20.0182,57.5802,72.07,59,90,8.99,overcast clouds
31,Lanxi,CN,2022-07-02 21:25:42,29.2195,119.477,75.67,90,100,3.89,overcast clouds
32,Leningradskiy,RU,2022-07-02 21:27:33,69.3833,178.4167,40.75,85,94,5.61,overcast clouds
33,Medea,DZ,2022-07-02 21:27:33,36.2642,2.7539,81.23,29,100,2.86,overcast clouds
34,Carutapera,BR,2022-07-02 21:27:33,-1.195,-46.02,76.73,90,11,7.72,few clouds
35,Busselton,AU,2022-07-02 21:27:34,-33.65,115.3333,48.42,77,0,7.18,clear sky
36,Upernavik,GL,2022-07-02 21:25:50,72.7868,-56.1549,40.28,80,92,3.98,overcast clouds
37,Lormi,IN,2022-07-02 21:27:34,22.2833,81.7333,80.85,79,100,2.62,overcast clouds
38,Jamestown,US,2022-07-02 21:27:34,42.097,-79.2353,78.53,47,0,8.05,clear sky
39,Albany,US,2022-07-02 21:25:05,42.6001,-73.9662,82.81,61,48,1.01,scattered clouds
40,Georgetown,MY,2022-07-02 21:27:35,5.4112,100.3354,84.88,84,20,2.3,few clouds
41,Makushino,RU,2022-07-02 21:27:35,55.2103,67.2442,52.18,87,100,6.76,overcast clouds
42,Svetlyy,RU,2022-07-02 21:27:35,54.675,20.1347,60.96,90,0,7.11,clear sky
43,Port-Gentil,GA,2022-07-02 21:27:35,-0.7193,8.7815,76.96,83,75,9.22,broken clouds
44,Tabas,IR,2022-07-02 21:27:36,33.5959,56.9244,91.98,11,31,4.12,scattered clouds
45,Hilo,US,2022-07-02 21:27:36,19.7297,-155.09,81.28,80,100,10.36,overcast clouds
46,Bluff,NZ,2022-07-02 21:27:36,-46.6,168.3333,42.8,81,34,23.85,scattered clouds
47,Chinhoyi,ZW,2022-07-02 21:27:37,-17.3667,30.2,54.07,85,23,4.34,few clouds
48,Charters Towers,AU,2022-07-02 21:27:37,-20.1,146.2667,59.9,93,100,11.43,overcast clouds
49,Eureka,US,2022-07-02 21:27:37,40.8021,-124.1637,65.68,82,100,5.01,overcast clouds
50,Bredasdorp,ZA,2022-07-02 21:27:37,-34.5322,20.0403,54.86,71,0,14.52,clear sky
51,Kavieng,PG,2022-07-02 21:27:38,-2.5744,150.7967,82.36,80,27,14.92,light rain
52,Vaini,TO,2022-07-02 21:27:38,-21.2,-175.2,73.56,83,20,8.05,few clouds
53,Andilamena,MG,2022-07-02 21:27:38,-17.0167,48.5833,56.17,96,100,13.35,light rain
54,Sivaki,RU,2022-07-02 21:27:38,52.6333,126.75,66.78,88,18,4.21,few clouds
55,Mananara,MG,2022-07-02 21:27:39,-16.1667,49.7667,70.25,75,64,12.82,light rain
56,Puerto Ayora,EC,2022-07-02 21:27:39,-0.7393,-90.3518,76.96,84,63,5.99,broken clouds
57,Araouane,ML,2022-07-02 21:27:39,18.9048,-3.5265,101.68,16,13,7.87,few clouds
58,Nyaunglebin,MM,2022-07-02 21:27:39,17.95,96.7333,75.99,92,100,4.27,overcast clouds
59,Kargasok,RU,2022-07-02 21:27:40,59.0556,80.8572,51.85,97,76,8.12,broken clouds
60,Port Hardy,CA,2022-07-02 21:27:40,50.6996,-127.4199,62.78,77,40,9.22,scattered clouds
61,Lompoc,US,2022-07-02 21:27:40,34.6391,-120.4579,78.69,74,0,19.57,clear sky
62,Hay River,CA,2022-07-02 21:27:41,60.8156,-115.7999,67.98,60,40,10.36,smoke
63,Coquimbo,CL,2022-07-02 21:27:41,-29.9533,-71.3436,58.73,77,0,12.66,clear sky
64,Bethel,US,2022-07-02 21:27:41,41.3712,-73.414,88.63,45,20,11.5,few clouds
65,Tiksi,RU,2022-07-02 21:27:41,71.6872,128.8694,41.67,97,100,4.76,light rain
66,Los Llanos De Aridane,ES,2022-07-02 21:27:42,28.6585,-17.9182,67.75,90,75,14.97,broken clouds
67,Dikson,RU,2022-07-02 21:27:42,73.5069,80.5464,32.86,96,92,12.95,overcast clouds
68,Saurimo,AO,2022-07-02 21:27:42,-9.6608,20.3916,61.95,38,0,5.61,clear sky
69,Fortuna,US,2022-07-02 21:27:42,40.5982,-124.1573,61.66,90,100,1.99,overcast clouds
70,Tazovskiy,RU,2022-07-02 21:27:43,67.4667,78.7,46.85,67,100,13.24,overcast clouds
71,Ambilobe,MG,2022-07-02 21:27:43,-13.2,49.05,65.68,72,86,3.22,overcast clouds
72,Sorong,ID,2022-07-02 21:27:43,-0.8833,131.25,77.16,89,100,1.45,light rain
73,Mwinilunga,ZM,2022-07-02 21:27:43,-11.7358,24.4293,60.33,45,95,2.91,overcast clouds
74,Caluquembe,AO,2022-07-02 21:27:44,-13.7833,14.6833,56.66,36,0,4.9,clear sky
75,Enkoping,SE,2022-07-02 21:27:44,59.6361,17.0777,64.26,70,0,6.13,clear sky
76,Morondava,MG,2022-07-02 21:27:44,-20.2833,44.2833,67.71,58,0,10.8,clear sky
77,Wilmington,US,2022-07-02 21:27:44,34.2257,-77.9447,82.31,80,75,8.05,broken clouds
78,Caravelas,BR,2022-07-02 21:27:45,-17.7125,-39.2481,70.7,86,27,5.01,scattered clouds
79,Murupara,NZ,2022-07-02 21:27:45,-38.4667,176.7,44.92,88,100,0.49,overcast clouds
80,Arraial Do Cabo,BR,2022-07-02 21:27:45,-22.9661,-42.0278,75.06,69,0,14.97,clear sky
81,Lensk,RU,2022-07-02 21:27:46,60.7253,114.9278,68.09,83,47,3.27,scattered clouds
82,Wuwei,CN,2022-07-02 21:27:46,37.9281,102.6414,69.87,34,5,6.31,clear sky
83,Amboasary,MG,2022-07-02 21:27:46,-25.0333,46.3833,59.79,79,0,5.35,clear sky
84,Auki,SB,2022-07-02 21:27:46,-8.7676,160.7034,79.61,81,68,4.63,broken clouds
85,Berlevag,NO,2022-07-02 21:27:47,70.8578,29.0864,75.2,77,14,5.75,few clouds
86,Logon,PH,2022-07-02 21:27:47,11.3303,124.1146,82.13,78,100,4.56,overcast clouds
87,Kapaa,US,2022-07-02 21:27:47,22.0752,-159.319,82.72,71,75,16.11,broken clouds
88,Avarua,CK,2022-07-02 21:27:47,-21.2078,-159.775,78.85,57,27,12.66,scattered clouds
89,Tasiilaq,GL,2022-07-02 21:25:49,65.6145,-37.6368,42.96,83,49,6.58,scattered clouds
90,Yellowknife,CA,2022-07-02 21:24:03,62.456,-114.3525,68.56,45,75,10.36,broken clouds
91,Cherskiy,RU,2022-07-02 21:27:48,68.75,161.3,40.64,93,100,13.29,light rain
92,Seoul,KR,2022-07-02 21:24:16,37.5683,126.9778,74.8,94,20,1.14,mist
93,Mayya,RU,2022-07-02 21:27:48,61.7333,130.2811,67.32,67,100,3.62,overcast clouds
94,Faanui,PF,2022-07-02 21:27:48,-16.4833,-151.75,79.14,66,8,19.22,clear sky
95,Kendari,ID,2022-07-02 21:27:49,-3.945,122.4989,75.85,92,43,1.03,scattered clouds
96,Yanliang,CN,2022-07-02 21:27:49,34.6592,109.2292,78.44,69,0,2.59,clear sky
97,Lavrentiya,RU,2022-07-02 21:27:49,65.5833,-171.0,47.53,89,100,5.23,overcast clouds
98,Isangel,VU,2022-07-02 21:27:49,-19.55,169.2667,78.91,89,40,17.27,scattered clouds
99,Provideniya,RU,2022-07-02 21:27:50,64.3833,-173.3,50.32,75,98,4.56,overcast clouds
100,Rimouski,CA,2022-07-02 21:27:50,48.4488,-68.524,75.38,57,8,10.98,clear sky
101,Sao Joao Do Piaui,BR,2022-07-02 21:27:50,-8.3581,-42.2467,83.88,47,96,8.79,overcast clouds
102,Honiara,SB,2022-07-02 21:27:51,-9.4333,159.95,80.58,73,5,7.25,clear sky
103,Krasnyy Kut,RU,2022-07-02 21:27:51,50.95,46.9667,55.35,96,100,7.81,overcast clouds
104,Seymchan,RU,2022-07-02 21:27:51,62.8833,152.4333,53.2,65,100,8.08,overcast clouds
105,Constitucion,CL,2022-07-02 21:27:51,-35.3333,-72.4167,52.05,70,41,13.67,scattered clouds
106,Puerto Escondido,MX,2022-07-02 21:27:52,15.85,-97.0667,86.83,58,40,11.5,scattered clouds
107,Togur,RU,2022-07-02 21:27:52,58.3631,82.8265,48.72,98,54,7.25,broken clouds
108,Naples,IT,2022-07-02 21:25:35,40.8333,14.25,86.38,52,0,4.61,clear sky
109,Meybod,IR,2022-07-02 21:27:52,32.2501,54.0166,98.62,10,2,8.43,clear sky
110,Ludwigslust,DE,2022-07-02 21:27:52,53.3167,11.5,68.83,55,47,5.97,scattered clouds
111,Hithadhoo,MV,2022-07-02 21:27:53,-0.6,73.0833,83.82,71,100,18.77,overcast clouds
112,Bengkulu,ID,2022-07-02 21:27:53,-3.8004,102.2655,74.52,86,59,3.47,broken clouds
113,Half Moon Bay,US,2022-07-02 21:27:53,37.4636,-122.4286,76.05,77,100,18.41,mist
114,Port Elizabeth,ZA,2022-07-02 21:27:53,-33.918,25.5701,63.32,78,75,14.97,broken clouds
115,New Norfolk,AU,2022-07-02 21:27:54,-42.7826,147.0587,40.71,88,28,3.53,scattered clouds
116,Airai,TL,2022-07-02 21:27:54,-8.9266,125.4092,59.34,97,99,3.91,overcast clouds
117,Sitka,US,2022-07-02 21:27:54,57.0531,-135.33,62.49,72,75,8.05,broken clouds
118,Itubera,BR,2022-07-02 21:27:55,-13.7322,-39.1492,70.45,90,16,5.03,few clouds
119,Pevek,RU,2022-07-02 21:27:55,69.7008,170.3133,32.07,99,100,2.15,snow
120,Nikolayevka,RU,2022-07-02 21:23:13,53.1257,47.2041,54.86,93,6,8.16,clear sky
121,Mezen,RU,2022-07-02 21:27:55,65.8522,44.24,46.08,90,1,4.61,clear sky
122,Chowchilla,US,2022-07-02 21:27:55,37.123,-120.2602,93.02,21,0,9.22,clear sky
123,Mnogovershinnyy,RU,2022-07-02 21:27:56,53.9353,139.9242,66.22,51,99,3.24,overcast clouds
124,Vitim,RU,2022-07-02 21:27:56,59.4511,112.5578,68.13,70,38,4.38,scattered clouds
125,Novoagansk,RU,2022-07-02 21:27:56,61.9449,76.6625,50.56,82,100,8.52,overcast clouds
126,Fort Frances,CA,2022-07-02 21:27:56,48.5999,-93.4003,72.16,42,40,8.05,scattered clouds
127,Simoes,BR,2022-07-02 21:27:57,-7.5989,-40.8178,74.77,73,47,12.48,scattered clouds
128,Cape Town,ZA,2022-07-02 21:27:07,-33.9258,18.4232,58.87,86,40,13.8,light rain
129,Vestmannaeyjar,IS,2022-07-02 21:27:57,63.4427,-20.2734,51.96,84,9,24.67,clear sky
130,Kloulklubed,PW,2022-07-02 21:27:57,7.0419,134.2556,77.5,76,100,12.53,overcast clouds
131,Qaanaaq,GL,2022-07-02 21:25:47,77.484,-69.3632,38.08,91,100,3.13,light rain
132,Kilosa,TZ,2022-07-02 21:27:58,-6.8333,36.9833,62.22,70,34,1.81,scattered clouds
133,Geraldton,AU,2022-07-02 21:25:49,-28.7667,114.6,41.41,81,0,11.5,clear sky
134,Vanimo,PG,2022-07-02 21:27:58,-2.6741,141.3028,76.35,89,86,4.61,overcast clouds
135,Khandyga,RU,2022-07-02 21:27:58,62.6667,135.6,65.86,61,65,0.45,broken clouds
136,Vicuna,CL,2022-07-02 21:27:58,-30.0319,-70.7081,65.77,37,23,3.44,few clouds
137,Purpe,RU,2022-07-02 21:27:59,64.4803,76.6897,50.04,84,100,16.06,light rain
138,Petropavlovsk-Kamchatskiy,RU,2022-07-02 21:27:59,53.0452,158.6483,57.79,82,75,4.47,broken clouds
139,Moree,AU,2022-07-02 21:27:59,-29.4667,149.85,39.22,93,100,4.61,overcast clouds
140,Saldanha,ZA,2022-07-02 21:27:59,-33.0117,17.9442,55.45,80,17,9.55,few clouds
141,Gat,IL,2022-07-02 21:28:00,31.61,34.7642,77.68,100,0,0.58,clear sky
142,Torbay,CA,2022-07-02 21:28:00,47.6666,-52.7314,71.76,58,75,13.8,broken clouds
143,Nikolskoye,RU,2022-07-02 21:28:00,59.7035,30.7861,71.49,61,100,4.56,overcast clouds
144,Batsfjord,NO,2022-07-02 21:28:01,70.6345,29.7185,73.18,60,14,8.05,few clouds
145,Beyneu,KZ,2022-07-02 21:28:01,45.3167,55.2,72.37,57,100,20.69,light rain
146,Hurghada,EG,2022-07-02 21:28:01,27.2574,33.8129,89.64,15,0,5.75,clear sky
147,Otane,NZ,2022-07-02 21:28:01,-39.8833,176.6333,44.49,81,16,2.26,few clouds
148,Mattawa,US,2022-07-02 21:28:02,46.7379,-119.9028,92.01,29,33,5.99,scattered clouds
149,Valdez,EC,2022-07-02 21:28:02,1.2492,-78.9831,79.05,79,96,12.19,overcast clouds
150,Rawson,AR,2022-07-02 21:28:02,-43.3002,-65.1023,48.13,46,60,14.16,broken clouds
151,Kautokeino,NO,2022-07-02 21:28:02,69.0125,23.0412,67.35,84,29,11.23,scattered clouds
152,Aripuana,BR,2022-07-02 21:24:23,-9.1667,-60.6333,86.77,48,61,2.77,broken clouds
153,Saint-Philippe,RE,2022-07-02 21:28:03,-21.3585,55.7679,67.59,78,81,13.27,broken clouds
154,Bhandaria,BD,2022-07-02 21:28:03,22.4861,90.0609,80.2,89,95,5.95,overcast clouds
155,Port Lincoln,AU,2022-07-02 21:28:03,-34.7333,135.8667,52.7,70,98,9.51,overcast clouds
156,Fayaoue,NC,2022-07-02 21:28:04,-20.65,166.5333,77.11,77,100,16.51,overcast clouds
157,Castro,BR,2022-07-02 21:28:04,-24.7911,-50.0119,58.64,82,0,4.61,clear sky
158,Maua,BR,2022-07-02 21:28:04,-23.6678,-46.4614,75.49,48,0,1.57,clear sky
159,Mugla,TR,2022-07-02 21:27:00,37.2303,28.3557,72.16,38,0,7.99,clear sky
160,Souillac,MU,2022-07-02 21:28:05,-20.5167,57.5167,71.98,60,40,17.27,light rain
161,Nuuk,GL,2022-07-02 21:28:05,64.1835,-51.7216,56.01,54,20,11.5,few clouds
162,Alexandria,EG,2022-07-02 21:28:05,31.2156,29.9553,77.54,69,40,4.61,scattered clouds
163,Turukhansk,RU,2022-07-02 21:25:30,65.8167,87.9833,51.93,77,30,6.64,scattered clouds
164,Kahta,TR,2022-07-02 21:28:06,37.7855,38.6237,78.17,35,0,6.55,clear sky
165,Hutchinson,US,2022-07-02 21:24:52,38.0608,-97.9298,90.03,60,75,6.91,broken clouds
166,Mar Del Plata,AR,2022-07-02 21:28:06,-38.0023,-57.5575,47.08,67,20,5.75,few clouds
167,Sambava,MG,2022-07-02 21:28:06,-14.2667,50.1667,70.14,84,64,15.9,light rain
168,Alofi,NU,2022-07-02 21:28:06,-19.0595,-169.9187,80.49,78,15,6.91,few clouds
169,Murray Bridge,AU,2022-07-02 21:28:07,-35.1167,139.2667,47.12,78,15,5.84,few clouds
170,Chokurdakh,RU,2022-07-02 21:28:07,70.6333,147.9167,56.66,43,22,6.06,few clouds
171,Linhai,CN,2022-07-02 21:28:07,28.85,121.1167,75.92,81,100,0.67,overcast clouds
172,Maniitsoq,GL,2022-07-02 21:28:08,65.4167,-52.9,44.62,80,83,8.37,broken clouds
173,Narsaq,GL,2022-07-02 21:28:08,60.9167,-46.05,62.82,56,72,5.48,broken clouds
174,Saint-Leu,RE,2022-07-02 21:28:08,-21.15,55.2833,68.83,68,25,9.69,scattered clouds
175,Brae,GB,2022-07-02 21:28:08,60.3964,-1.353,52.81,89,100,8.5,overcast clouds
176,Orodara,BF,2022-07-02 21:28:09,10.9492,-4.9342,71.56,95,100,3.31,overcast clouds
177,Addis Abeba,ET,2022-07-02 21:28:09,9.025,38.7469,56.32,80,88,4.27,overcast clouds
178,Tuatapere,NZ,2022-07-02 21:28:09,-46.1333,167.6833,45.1,88,70,4.97,broken clouds
179,Ilo,PE,2022-07-02 21:28:09,-17.6394,-71.3375,63.46,72,100,8.05,overcast clouds
180,Ilulissat,GL,2022-07-02 21:28:10,69.2167,-51.1,44.62,76,40,5.75,scattered clouds
181,Thompson,CA,2022-07-02 21:24:44,55.7435,-97.8558,66.36,45,75,3.44,broken clouds
182,Caconda,AO,2022-07-02 21:28:10,-13.7333,15.0667,55.81,36,1,2.46,clear sky
183,Koumac,NC,2022-07-02 21:28:10,-20.5667,164.2833,74.75,80,99,4.72,overcast clouds
184,Oranjestad,AW,2022-07-02 21:28:11,12.524,-70.027,84.15,74,40,13.8,scattered clouds
185,San Benito,US,2022-07-02 21:28:11,36.6166,-121.0844,77.86,30,0,9.62,clear sky
186,Saint George,US,2022-07-02 21:28:02,37.1041,-113.5841,105.26,11,0,17.27,clear sky
187,Tiarei,PF,2022-07-02 21:28:11,-17.5333,-149.3333,80.62,75,26,17.87,light rain
188,San Juan,AR,2022-07-02 21:28:12,-31.5375,-68.5364,56.64,23,0,7.96,clear sky
189,Yakovlevka,RU,2022-07-02 21:28:12,44.425,133.4772,68.92,96,91,4.12,overcast clouds
190,Talnakh,RU,2022-07-02 21:28:12,69.4865,88.3972,52.21,65,74,14.52,broken clouds
191,Xochihuehuetlan,MX,2022-07-02 21:28:12,17.9167,-98.4333,93.78,22,52,5.53,broken clouds
192,Richards Bay,ZA,2022-07-02 21:28:13,-28.783,32.0377,64.58,51,0,11.68,clear sky
193,Yar-Sale,RU,2022-07-02 21:28:13,66.8333,70.8333,44.71,81,100,12.39,overcast clouds
194,Nemuro,JP,2022-07-02 21:28:13,43.3236,145.575,57.22,99,100,4.68,overcast clouds
195,Hobart,AU,2022-07-02 21:27:06,-42.8794,147.3294,41.05,89,20,8.05,few clouds
196,Kaitangata,NZ,2022-07-02 21:28:14,-46.2817,169.8464,45.54,82,15,9.13,few clouds
197,Henties Bay,NA,2022-07-02 21:28:14,-22.116,14.2845,58.78,88,0,7.29,clear sky
198,Boddam,GB,2022-07-02 21:28:14,57.4667,-1.7833,55.78,91,100,5.1,overcast clouds
199,Iqaluit,CA,2022-07-02 21:23:33,63.7506,-68.5145,44.33,75,100,4.61,light rain
200,Alberton,CA,2022-07-02 21:28:14,46.8168,-64.0654,71.51,90,89,12.57,overcast clouds
201,Lerwick,GB,2022-07-02 21:28:15,60.1545,-1.1494,53.6,90,100,8.21,overcast clouds
202,Dehloran,IR,2022-07-02 21:28:15,32.6941,47.2679,92.64,13,0,10.74,clear sky
203,Broken Hill,AU,2022-07-02 21:28:15,-31.95,141.4333,36.63,92,0,13.58,clear sky
204,Miri,MY,2022-07-02 21:28:16,4.4148,114.0089,77.14,94,20,4.61,few clouds
205,Kodiak,US,2022-07-02 21:28:16,57.79,-152.4072,54.91,88,100,17.27,light rain
206,Wanning,CN,2022-07-02 21:28:16,18.8003,110.3967,81.39,83,100,16.44,moderate rain
207,East London,ZA,2022-07-02 21:28:16,-33.0153,27.9116,72.3,38,0,11.16,clear sky
208,Victor Harbor,AU,2022-07-02 21:28:17,-35.5667,138.6167,44.67,78,96,8.14,overcast clouds
209,Riyadh,SA,2022-07-02 21:28:17,24.6877,46.7219,91.54,12,55,8.93,broken clouds
210,Namtsy,RU,2022-07-02 21:28:17,62.7161,129.6658,66.47,64,100,3.67,overcast clouds
211,Sumbe,AO,2022-07-02 21:28:17,-11.2061,13.8437,68.5,90,1,4.38,clear sky
212,Dakar,SN,2022-07-02 21:28:18,14.6937,-17.4441,78.93,73,75,11.5,broken clouds
213,Namibe,AO,2022-07-02 21:28:18,-15.1961,12.1522,66.83,65,0,9.84,clear sky
214,Salvador,SV,2022-07-02 21:26:20,13.8333,-88.9167,81.0,86,99,1.95,overcast clouds
215,Yulara,AU,2022-07-02 21:28:18,-25.2406,130.9889,39.49,80,0,9.44,clear sky
216,Smolenka,RU,2022-07-02 21:28:19,52.1352,113.4974,69.87,83,40,8.95,scattered clouds
217,San Jose De Rio Tinto,HN,2022-07-02 21:28:19,14.9333,-85.7,85.57,99,100,4.63,overcast clouds
218,Vao,NC,2022-07-02 21:28:20,-22.6667,167.4833,73.0,78,89,15.19,overcast clouds
219,Kisangani,CD,2022-07-02 21:28:20,0.5167,25.2,70.54,96,94,2.75,overcast clouds
220,Strezhevoy,RU,2022-07-02 21:28:20,60.7333,77.5889,53.46,76,97,6.38,overcast clouds
221,Hasaki,JP,2022-07-02 21:28:20,35.7333,140.8333,77.4,92,29,8.72,scattered clouds
222,Tuktoyaktuk,CA,2022-07-02 21:28:21,69.4541,-133.0374,80.6,39,20,8.05,few clouds
223,Tura,IN,2022-07-02 21:28:21,25.5198,90.2201,74.28,92,86,4.5,overcast clouds
224,Veinticinco De Mayo,AR,2022-07-02 21:28:21,-35.4323,-60.1727,47.98,57,0,1.99,clear sky
225,Majene,ID,2022-07-02 21:28:21,-3.5403,118.9707,77.95,90,61,5.79,broken clouds
226,Chuy,UY,2022-07-02 21:28:22,-33.6971,-53.4616,51.42,75,0,7.52,clear sky
227,Itoman,JP,2022-07-02 21:28:22,26.1247,127.6694,78.82,92,75,21.85,light intensity shower rain
228,Bhatkal,IN,2022-07-02 21:28:22,13.9667,74.5667,79.77,87,100,11.74,overcast clouds
229,Khawhai,IN,2022-07-02 21:28:22,23.3667,93.1167,61.86,100,98,0.29,moderate rain
230,Hami,CN,2022-07-02 21:28:23,42.8,93.45,80.28,22,100,7.43,overcast clouds
231,Port Blair,IN,2022-07-02 21:28:23,11.6667,92.75,82.76,81,100,18.54,overcast clouds
232,Eaglesham,GB,2022-07-02 21:28:23,55.7412,-4.2746,55.72,80,100,6.91,overcast clouds
233,Progreso,MX,2022-07-02 21:25:24,21.2833,-89.6667,96.12,71,8,15.5,clear sky
234,Luderitz,NA,2022-07-02 21:28:24,-26.6481,15.1594,58.87,80,0,5.75,clear sky
235,Menongue,AO,2022-07-02 21:28:24,-14.6585,17.691,53.85,52,3,3.78,clear sky
236,Vostok,RU,2022-07-02 21:28:24,46.4856,135.8833,66.56,97,99,3.6,overcast clouds
237,Zyryanka,RU,2022-07-02 21:28:25,65.75,150.85,58.68,43,7,12.08,clear sky
238,Zapolyarnyy,RU,2022-07-02 21:28:25,69.4154,30.8136,60.08,69,20,7.65,few clouds
239,Beruwala,LK,2022-07-02 21:28:25,6.4788,79.9828,80.19,84,71,17.38,heavy intensity rain
240,Winnemucca,US,2022-07-02 21:27:13,40.973,-117.7357,89.65,8,0,11.5,clear sky
241,Timizart,DZ,2022-07-02 21:28:25,36.8,4.2667,79.02,52,100,15.82,light rain
242,San Quintin,MX,2022-07-02 21:28:26,30.4833,-115.95,74.66,61,0,19.35,clear sky
243,Kaeo,NZ,2022-07-02 21:28:26,-35.1,173.7833,50.36,77,29,3.51,scattered clouds
244,Camacupa,AO,2022-07-02 21:28:26,-12.0167,17.4833,58.71,39,1,2.37,clear sky
245,Yabrud,SY,2022-07-02 21:28:26,33.9674,36.6574,69.85,50,0,4.21,clear sky
246,Conceicao Do Araguaia,BR,2022-07-02 21:28:27,-8.2578,-49.2647,86.47,41,84,3.38,broken clouds
247,Morant Bay,JM,2022-07-02 21:28:27,17.8815,-76.4093,85.71,70,95,10.98,overcast clouds
248,Amanganj,IN,2022-07-02 21:28:27,24.4333,80.0333,83.93,74,100,4.99,overcast clouds
249,Jiuquan,CN,2022-07-02 21:28:28,39.7432,98.5174,70.9,36,52,3.36,broken clouds
250,Besancon,FR,2022-07-02 21:28:28,47.2488,6.0182,68.14,88,0,2.95,clear sky
251,Toribio,CO,2022-07-02 21:28:28,2.9548,-76.2684,67.46,87,100,0.58,overcast clouds
252,Lanzhou,CN,2022-07-02 21:28:28,36.0564,103.7922,71.94,42,2,2.33,clear sky
253,Dhenkanal,IN,2022-07-02 21:28:29,20.6667,85.6,79.56,87,100,4.32,overcast clouds
254,Bilma,NE,2022-07-02 21:28:29,18.6853,12.9164,93.97,16,5,8.08,clear sky
255,Severo-Kurilsk,RU,2022-07-02 21:28:29,50.6789,156.125,50.63,91,68,11.23,broken clouds
256,Siirt,TR,2022-07-02 21:28:29,37.9326,41.9403,74.23,41,0,6.44,clear sky
257,Timaru,NZ,2022-07-02 21:28:30,-44.4,171.25,44.04,75,100,5.46,overcast clouds
258,Garchitorena,PH,2022-07-02 21:28:30,13.8804,123.6946,80.96,85,100,7.11,overcast clouds
259,Bathsheba,BB,2022-07-02 21:28:30,13.2167,-59.5167,84.81,89,40,18.41,scattered clouds
260,Alyangula,AU,2022-07-02 21:28:31,-13.8483,136.4192,69.89,83,81,18.34,broken clouds
261,Pskov,RU,2022-07-02 21:28:31,57.8136,28.3496,64.31,100,99,2.24,overcast clouds
262,Biak,ID,2022-07-02 21:28:31,-0.9131,122.8766,76.51,85,42,2.62,scattered clouds
263,Portland,US,2022-07-02 21:26:45,45.5234,-122.6762,73.63,64,75,10.36,broken clouds
264,Muisne,EC,2022-07-02 21:28:31,0.6,-80.0333,76.19,80,72,10.4,broken clouds
265,Faya,SA,2022-07-02 21:28:32,18.3851,42.4509,73.92,45,100,4.52,overcast clouds
266,Tausa,CO,2022-07-02 21:26:40,5.199,-73.8913,55.96,80,100,5.46,overcast clouds
267,Tautira,PF,2022-07-02 21:28:32,-17.7333,-149.15,75.88,75,48,17.18,light rain
268,Nome,US,2022-07-02 21:28:32,64.5011,-165.4064,59.16,100,100,8.05,overcast clouds
269,Columbus,US,2022-07-02 21:28:33,39.9612,-82.9988,88.0,36,75,10.36,broken clouds
270,Pacific Grove,US,2022-07-02 21:28:33,36.6177,-121.9166,76.21,77,75,12.66,broken clouds
271,Baykit,RU,2022-07-02 21:28:33,61.67,96.37,58.3,72,100,1.61,overcast clouds
272,Coihaique,CL,2022-07-02 21:28:22,-45.5752,-72.0662,36.21,93,100,3.44,light intensity shower rain
273,Ancud,CL,2022-07-02 21:28:33,-41.8697,-73.8203,42.22,69,53,13.6,light rain
274,Mahebourg,MU,2022-07-02 21:28:34,-20.4081,57.7,71.89,60,40,17.27,scattered clouds
275,San Cristobal,VE,2022-07-02 21:28:34,7.7669,-72.225,82.58,65,100,5.75,overcast clouds
276,Botou,CN,2022-07-02 21:28:34,38.0667,116.5667,79.56,75,100,7.74,heavy intensity rain
277,Norman Wells,CA,2022-07-02 21:28:34,65.282,-126.8329,80.64,36,0,16.11,clear sky
278,Pangai,TO,2022-07-02 21:28:35,-19.8,-174.35,77.11,83,75,16.11,broken clouds
279,Esperance,AU,2022-07-02 21:28:35,-33.8667,121.9,48.96,77,0,10.76,clear sky
280,Samarai,PG,2022-07-02 21:28:35,-10.6167,150.6667,80.44,84,16,13.44,few clouds
281,Nabire,ID,2022-07-02 21:28:36,-3.3667,135.4833,76.05,90,98,2.44,overcast clouds
282,Banda Aceh,ID,2022-07-02 21:28:36,5.5577,95.3222,81.09,72,100,15.08,overcast clouds
283,Gizo,SB,2022-07-02 21:28:36,-8.103,156.8419,81.73,73,8,6.24,clear sky
284,Magadan,RU,2022-07-02 21:28:36,59.5667,150.8,63.54,49,64,20.62,broken clouds
285,Bundaberg,AU,2022-07-02 21:28:37,-24.85,152.35,56.21,94,98,4.0,overcast clouds
286,Aguimes,ES,2022-07-02 21:28:37,27.9054,-15.4461,68.67,73,40,21.85,scattered clouds
287,Huatulco,MX,2022-07-02 21:24:26,15.8436,-96.3267,89.87,66,75,9.22,broken clouds
288,Maceio,BR,2022-07-02 21:28:37,-9.6658,-35.7353,76.44,78,75,9.22,broken clouds
289,Kismayo,SO,2022-07-02 21:28:38,-0.3582,42.5454,76.59,72,7,20.65,clear sky
290,Sao Francisco,BR,2022-07-02 21:28:38,-15.9486,-44.8644,75.04,34,69,5.86,broken clouds
291,Kamaishi,JP,2022-07-02 21:28:38,39.2667,141.8833,74.82,77,1,3.98,clear sky
292,Ust-Tsilma,RU,2022-07-02 21:28:38,65.441,52.1498,47.39,86,99,4.92,overcast clouds
293,Roseburg,US,2022-07-02 21:24:44,43.2165,-123.3417,78.51,60,40,9.22,scattered clouds
294,San Luis,AR,2022-07-02 21:28:39,-33.295,-66.3356,54.34,29,35,4.5,scattered clouds
295,Altukhovo,RU,2022-07-02 21:28:39,52.67,34.36,56.23,78,1,4.16,clear sky
296,Vaitape,PF,2022-07-02 21:28:39,-16.5167,-151.75,79.25,66,13,19.17,few clouds
297,Oudtshoorn,ZA,2022-07-02 21:28:40,-33.5907,22.2014,50.36,60,0,5.73,clear sky
298,Panguna,PG,2022-07-02 21:28:40,-6.3164,155.4848,71.22,87,20,1.57,few clouds
299,Kosonsoy,UZ,2022-07-02 21:28:40,41.2561,71.5508,72.16,23,0,7.43,clear sky
300,Galdar,ES,2022-07-02 21:25:41,28.147,-15.6502,70.36,81,35,14.9,scattered clouds
301,Kruisfontein,ZA,2022-07-02 21:28:40,-34.0033,24.7314,54.88,70,33,5.99,scattered clouds
302,Oroville,US,2022-07-02 21:28:41,39.5138,-121.5564,87.12,39,0,12.66,clear sky
303,Morales,CO,2022-07-02 21:28:41,2.757,-76.6172,66.16,91,100,1.57,overcast clouds
304,Buala,SB,2022-07-02 21:28:41,-8.145,159.5921,81.91,77,36,9.98,scattered clouds
305,Harper,LR,2022-07-02 21:28:41,4.375,-7.7169,75.34,79,34,7.99,scattered clouds
306,Juneau,US,2022-07-02 21:28:42,58.3019,-134.4197,71.83,82,20,11.5,few clouds
307,Dingle,PH,2022-07-02 21:28:42,10.9995,122.6711,77.07,89,100,2.15,overcast clouds
308,Angoram,PG,2022-07-02 21:28:42,-4.0625,144.0661,72.77,99,72,2.33,broken clouds
309,Cabo San Lucas,MX,2022-07-02 21:28:42,22.8909,-109.9124,94.3,61,1,10.0,clear sky
310,Shalinskoye,RU,2022-07-02 21:28:43,55.7228,93.7594,50.88,94,93,7.2,overcast clouds
311,Mananjary,MG,2022-07-02 21:28:43,-21.2167,48.3333,66.65,75,79,7.38,broken clouds
312,Lebanon,US,2022-07-02 21:28:21,36.2081,-86.2911,95.04,60,26,6.4,scattered clouds
313,Mecca,SA,2022-07-02 21:26:11,21.4267,39.8261,91.08,19,54,6.33,broken clouds
314,Baykalovo,RU,2022-07-02 21:28:43,57.3981,63.7684,57.78,77,79,6.49,broken clouds
315,Namatanai,PG,2022-07-02 21:28:44,-3.6667,152.4333,79.32,79,20,7.14,few clouds
316,Tomatlan,MX,2022-07-02 21:28:44,19.9333,-105.25,91.09,54,9,10.04,clear sky
317,Petrila,RO,2022-07-02 21:28:44,45.45,23.4167,66.45,85,89,3.98,overcast clouds
318,Alcudia,ES,2022-07-02 21:28:44,39.8532,3.1214,80.55,61,36,7.54,scattered clouds
319,Anloga,GH,2022-07-02 21:28:45,5.7947,0.8973,78.26,81,100,12.21,overcast clouds
320,Kahului,US,2022-07-02 21:28:45,20.8947,-156.47,82.42,67,40,25.32,scattered clouds
321,Japura,ID,2022-07-02 21:28:45,-0.3167,102.35,70.92,84,86,2.59,overcast clouds
322,Ahipara,NZ,2022-07-02 21:28:45,-35.1667,173.1667,51.89,73,29,2.95,scattered clouds
323,Sakakah,SA,2022-07-02 21:28:46,29.9697,40.2064,83.77,19,0,9.84,clear sky
324,Taoudenni,ML,2022-07-02 21:28:46,22.6783,-3.9836,103.05,11,29,8.84,scattered clouds
325,Maumere,ID,2022-07-02 21:28:46,-8.6199,122.2111,78.98,84,100,5.77,overcast clouds
326,Goure,NE,2022-07-02 21:28:47,13.9835,10.2704,89.02,34,19,6.69,few clouds
327,Nantucket,US,2022-07-02 21:28:47,41.2835,-70.0995,74.08,94,100,11.5,mist
328,Ayagoz,KZ,2022-07-02 21:28:47,47.9714,80.4392,60.01,40,4,6.93,clear sky
329,Kurchum,KZ,2022-07-02 21:28:47,48.5722,83.6542,58.86,45,3,2.86,clear sky
330,Zhanakorgan,KZ,2022-07-02 21:28:48,43.9098,67.2495,78.76,17,0,8.14,clear sky
331,Te Anau,NZ,2022-07-02 21:28:48,-45.4167,167.7167,43.21,91,63,4.9,broken clouds
332,Zarya,RU,2022-07-02 21:28:48,55.7553,38.0958,68.38,58,74,5.7,broken clouds
333,Ponta Do Sol,PT,2022-07-02 21:28:48,32.6667,-17.1,72.01,81,60,1.95,broken clouds
334,Paita,PE,2022-07-02 21:28:49,-5.0892,-81.1144,66.96,75,11,15.35,few clouds
335,Beringovskiy,RU,2022-07-02 21:28:49,63.05,179.3167,44.26,97,100,14.54,light rain
336,Carnarvon,AU,2022-07-02 21:28:49,-24.8667,113.6333,59.83,41,0,16.82,clear sky
337,Korem,ET,2022-07-02 21:28:49,12.5058,39.5228,61.83,61,7,5.55,light rain
338,Billings,US,2022-07-02 21:26:07,45.7833,-108.5007,89.29,34,20,6.91,few clouds
339,Clyde River,CA,2022-07-02 21:28:50,70.4692,-68.5914,34.03,100,100,11.5,fog
340,Bozeman,US,2022-07-02 21:24:00,45.6796,-111.0386,85.42,26,0,5.75,clear sky
341,Tunceli,TR,2022-07-02 21:28:50,39.1083,39.5471,63.34,63,0,8.88,clear sky
342,Zermatt,CH,2022-07-02 21:28:50,46.0213,7.7491,60.04,81,7,4.34,clear sky
343,Cockburn Town,TC,2022-07-02 21:28:51,21.4612,-71.1419,81.99,78,11,19.1,few clouds
344,Pasni,PK,2022-07-02 21:28:51,25.2631,63.471,83.41,87,100,6.22,overcast clouds
345,Guerrero Negro,MX,2022-07-02 21:28:51,27.9769,-114.0611,77.25,55,0,19.6,clear sky
346,Kerema,PG,2022-07-02 21:28:51,-7.9631,145.7785,77.86,86,100,3.87,overcast clouds
347,Winsum,NL,2022-07-02 21:28:52,53.33,6.5208,66.18,70,100,7.23,overcast clouds
348,Salalah,OM,2022-07-02 21:28:52,17.0151,54.0924,84.29,84,75,4.61,broken clouds
349,Myaundzha,RU,2022-07-02 21:28:52,63.0494,147.1858,56.3,49,38,2.73,scattered clouds
350,Pedasi,PA,2022-07-02 21:28:52,7.5333,-80.0333,83.07,81,97,15.14,overcast clouds
351,Belogorsk,RU,2022-07-02 21:28:53,50.9158,128.4611,68.14,93,23,4.07,few clouds
352,Chapayevka,UA,2022-07-02 21:28:53,47.4711,36.3451,59.68,62,0,7.18,clear sky
353,Grand Gaube,MU,2022-07-02 21:28:53,-20.0064,57.6608,72.0,59,95,8.99,overcast clouds
354,Linjiang,CN,2022-07-02 21:28:53,41.8069,126.9078,65.07,98,99,2.53,overcast clouds
355,Hobyo,SO,2022-07-02 21:28:54,5.3505,48.5268,77.07,78,87,29.95,overcast clouds
356,Bud,US,2022-07-02 21:28:54,39.447,-86.1758,87.75,46,100,5.44,overcast clouds
357,Wewak,PG,2022-07-02 21:28:54,-3.5534,143.6268,78.26,88,51,5.35,broken clouds
358,Launceston,AU,2022-07-02 21:28:55,-41.45,147.1667,30.15,100,100,4.61,overcast clouds
359,Boguchany,RU,2022-07-02 21:28:55,58.3814,97.4531,54.79,95,100,4.27,overcast clouds
360,Hualmay,PE,2022-07-02 21:28:55,-11.0964,-77.6139,65.17,75,23,8.7,few clouds
361,Peleduy,RU,2022-07-02 21:28:55,59.6289,112.7406,68.59,66,67,4.09,broken clouds
362,Emborion,GR,2022-07-02 21:28:56,40.4833,21.55,67.3,75,52,1.1,broken clouds
363,Sokolo,ML,2022-07-02 21:28:56,14.7328,-6.1219,84.85,42,100,15.7,overcast clouds
364,Sacramento,US,2022-07-02 21:26:02,38.4666,-121.3177,86.0,42,0,11.99,clear sky
365,San Ignacio,BZ,2022-07-02 21:26:43,17.1561,-89.0714,80.74,83,75,0.0,broken clouds
366,Pangnirtung,CA,2022-07-02 21:28:56,66.1451,-65.7125,45.05,77,95,4.54,overcast clouds
367,Ostrovnoy,RU,2022-07-02 21:28:56,68.0531,39.5131,56.34,75,0,13.44,clear sky
368,Deputatskiy,RU,2022-07-02 21:28:57,69.3,139.9,54.46,62,100,4.38,overcast clouds
369,Olecko,PL,2022-07-02 21:28:57,54.0337,22.507,57.09,94,100,6.93,overcast clouds
370,Byron Bay,AU,2022-07-02 21:26:25,-28.65,153.6167,52.95,90,88,4.99,overcast clouds
371,Davila,PH,2022-07-02 21:28:57,18.4726,120.5763,78.78,80,100,9.57,overcast clouds
372,Tupik,RU,2022-07-02 21:28:58,54.4253,119.9327,62.4,94,1,1.39,clear sky
373,Enterprise,US,2022-07-02 21:28:58,36.0252,-115.2419,104.83,12,20,17.27,few clouds
374,Comodoro Rivadavia,AR,2022-07-02 21:28:58,-45.8667,-67.5,46.26,46,0,16.11,clear sky
375,Vangaindrano,MG,2022-07-02 21:28:58,-23.35,47.6,66.56,73,100,4.92,overcast clouds
376,Lalibela,ET,2022-07-02 21:28:59,12.0333,39.0333,63.43,63,10,0.38,clear sky
377,Torres,BR,2022-07-02 21:28:59,-29.3353,-49.7269,67.95,80,100,5.46,overcast clouds
378,Oranjemund,NA,2022-07-02 21:28:59,-28.55,16.4333,56.57,88,0,2.77,clear sky
379,Giyani,ZA,2022-07-02 21:28:59,-23.3025,30.7187,61.09,68,0,2.84,clear sky
380,Sinnamary,GF,2022-07-02 21:29:00,5.3833,-52.95,80.35,83,75,9.93,broken clouds
381,Guapi,CO,2022-07-02 21:29:00,2.5708,-77.8854,79.63,86,88,3.98,light rain
382,Meulaboh,ID,2022-07-02 21:29:00,4.1363,96.1285,74.61,87,100,3.29,overcast clouds
383,Kodinsk,RU,2022-07-02 21:29:01,58.6881,99.1844,55.83,87,99,3.44,overcast clouds
384,Kyren,RU,2022-07-02 21:29:01,51.6828,102.1408,59.14,96,100,7.47,overcast clouds
385,Bonnyville,CA,2022-07-02 21:29:01,54.2668,-110.735,64.2,55,91,2.04,overcast clouds
386,Kushima,JP,2022-07-02 21:29:01,31.4583,131.2333,79.43,94,100,5.44,light rain
387,Broome,US,2022-07-02 21:29:02,42.2506,-75.833,81.54,57,75,8.05,broken clouds
388,Palmares Do Sul,BR,2022-07-02 21:29:02,-30.2578,-50.5097,65.05,84,46,10.07,scattered clouds
389,Alekseyevsk,RU,2022-07-02 21:29:02,57.8406,108.3492,64.56,93,100,3.87,overcast clouds
390,Praia,CV,2022-07-02 21:28:03,14.9215,-23.5087,75.74,73,40,12.66,scattered clouds
391,Ocampo,MX,2022-07-02 21:29:02,21.65,-101.5,57.18,90,97,4.83,overcast clouds
392,Tessalit,ML,2022-07-02 21:29:03,20.1986,1.0114,92.34,28,74,7.87,broken clouds
393,Pietarsaari,FI,2022-07-02 21:29:03,63.65,22.6833,66.33,97,98,8.3,overcast clouds
394,Sao Filipe,CV,2022-07-02 21:29:03,14.8961,-24.4956,73.74,80,30,10.69,scattered clouds
395,Dongsheng,CN,2022-07-02 21:29:04,39.8161,109.9776,61.84,89,14,13.11,few clouds
396,Codrington,AU,2022-07-02 21:29:04,-38.2667,141.9667,50.4,69,100,8.99,overcast clouds
397,Antofagasta,CL,2022-07-02 21:29:04,-23.65,-70.4,58.28,80,42,9.22,scattered clouds
398,Chapais,CA,2022-07-02 21:29:05,49.7834,-74.8492,62.38,34,95,15.9,overcast clouds
399,Sukhoy Log,RU,2022-07-02 21:29:05,56.9094,62.0296,57.33,78,97,6.6,overcast clouds
400,Vila Velha,BR,2022-07-02 21:29:05,-20.3297,-40.2925,75.15,81,0,11.5,clear sky
401,Santa Clara,CU,2022-07-02 21:29:05,22.4,-79.9667,87.46,66,75,12.66,broken clouds
402,Santa Maria,BR,2022-07-02 21:24:51,-29.6842,-53.8069,67.3,77,75,2.3,broken clouds
403,Jardim,BR,2022-07-02 21:29:06,-21.4803,-56.1381,83.3,36,0,6.64,clear sky
404,Walvis Bay,NA,2022-07-02 21:29:06,-22.9575,14.5053,56.35,94,0,6.91,clear sky
405,Coro,VE,2022-07-02 21:29:06,11.4045,-69.6734,84.79,71,78,13.73,broken clouds
406,Boke,GN,2022-07-02 21:29:07,10.9409,-14.2967,75.96,94,100,2.95,light rain
407,Kindersley,CA,2022-07-02 21:29:07,51.4668,-109.1682,66.22,59,40,6.91,scattered clouds
408,Marzuq,YE,2022-07-02 21:29:07,14.4,46.4667,83.71,23,92,1.61,overcast clouds
409,Brandon,US,2022-07-02 21:29:07,27.9378,-82.2859,85.96,81,0,5.01,clear sky
410,Havelock,US,2022-07-02 21:29:08,34.8791,-76.9013,84.15,79,75,14.97,broken clouds
411,Lorengau,PG,2022-07-02 21:29:08,-2.0226,147.2712,81.68,81,67,10.74,light rain
412,Atasu,KZ,2022-07-02 21:29:08,48.6814,71.6433,62.73,34,14,8.61,few clouds
413,Asau,RO,2022-07-02 21:29:08,46.4333,26.4,74.95,85,95,3.29,overcast clouds
414,Rio Grande,BR,2022-07-02 21:24:31,-32.035,-52.0986,59.11,92,88,7.65,overcast clouds
415,Mandi,IN,2022-07-02 21:29:09,31.7167,76.9167,72.77,86,90,2.37,overcast clouds
416,Abalak,RU,2022-07-02 21:29:09,58.1286,68.5944,50.77,75,44,3.69,scattered clouds
417,Filotion,GR,2022-07-02 21:29:09,37.05,25.5,73.63,72,0,20.94,clear sky
418,Great Yarmouth,GB,2022-07-02 21:29:10,52.6083,1.7305,62.85,82,68,8.39,broken clouds
419,Bom Jesus Do Galho,BR,2022-07-02 21:29:10,-19.8289,-42.3161,61.39,71,14,4.72,few clouds
420,College,US,2022-07-02 21:29:10,64.8569,-147.8028,75.99,56,75,5.75,smoke
421,Kruszwica,PL,2022-07-02 21:29:11,52.6756,18.3313,65.1,100,0,2.59,clear sky
422,Peniche,PT,2022-07-02 21:29:11,39.3558,-9.3811,67.28,89,40,11.7,scattered clouds
423,Saquarema,BR,2022-07-02 21:29:11,-22.92,-42.5103,75.24,78,0,10.89,clear sky
424,Lazaro Cardenas,MX,2022-07-02 21:29:11,17.9583,-102.2,85.89,67,97,8.63,overcast clouds
425,Karlskrona,SE,2022-07-02 21:29:12,56.1616,15.5866,61.25,74,4,7.34,clear sky
426,Fukue,JP,2022-07-02 21:29:12,32.6881,128.8419,79.23,80,99,8.48,overcast clouds
427,Marsa Matruh,EG,2022-07-02 21:29:12,31.3525,27.2453,79.0,78,0,10.36,clear sky
428,Weligama,LK,2022-07-02 21:25:05,5.9667,80.4167,79.47,83,34,16.42,scattered clouds
429,Pathein,MM,2022-07-02 21:29:13,16.7833,94.7333,77.47,93,99,5.5,overcast clouds
430,Port Augusta,AU,2022-07-02 21:29:13,-32.5,137.7667,41.63,81,0,7.36,clear sky
431,Baillif,GP,2022-07-02 21:29:13,16.0202,-61.7463,80.1,80,100,13.82,overcast clouds
432,Nago,JP,2022-07-02 21:29:13,26.5881,127.9761,77.85,89,98,20.04,overcast clouds
433,Leeton,AU,2022-07-02 21:29:14,-34.5667,146.4,41.9,70,99,7.83,overcast clouds
434,Foz,ES,2022-07-02 21:29:14,43.5692,-7.2544,62.2,92,100,7.81,overcast clouds
435,Krasnoborsk,RU,2022-07-02 21:29:14,61.5598,45.934,52.7,91,22,2.68,few clouds
436,Nagod,IN,2022-07-02 21:29:15,24.5667,80.6,85.75,67,100,5.19,overcast clouds
437,Gladstone,AU,2022-07-02 21:29:15,-23.85,151.25,58.93,82,100,5.75,overcast clouds
438,Nueva Loja,EC,2022-07-02 21:29:15,0.0847,-76.8828,84.22,65,40,2.3,scattered clouds
439,Adre,TD,2022-07-02 21:29:16,13.4667,22.2,80.62,55,89,7.14,overcast clouds
440,Sibolga,ID,2022-07-02 21:29:16,1.7427,98.7792,74.52,90,100,3.13,overcast clouds
441,Hofn,IS,2022-07-02 21:27:47,64.2539,-15.2082,55.56,69,100,9.73,overcast clouds
442,Atambua,ID,2022-07-02 21:29:16,-9.1061,124.8925,72.75,90,85,7.34,overcast clouds
443,Joshimath,IN,2022-07-02 21:29:16,30.5667,79.5667,70.77,94,98,1.3,overcast clouds
444,Lesnoye,RU,2022-07-02 21:29:17,58.2841,35.5158,63.59,72,99,6.15,overcast clouds
445,Zhuhai,CN,2022-07-02 21:29:17,22.2769,113.5678,83.98,89,40,24.16,light rain
446,Paungde,MM,2022-07-02 21:29:17,18.4833,95.5,76.68,94,98,7.29,overcast clouds
447,Dukat,RU,2022-07-02 21:29:18,62.55,155.55,45.45,92,100,4.54,light rain
448,Pizhanka,RU,2022-07-02 21:29:18,57.4604,48.542,56.82,97,97,4.9,overcast clouds
449,Katsuura,JP,2022-07-02 21:29:18,35.1333,140.3,76.89,93,71,10.49,broken clouds
450,Arman,RU,2022-07-02 21:29:19,59.7,150.1667,64.02,45,28,9.93,scattered clouds
451,Saint-Louis,SN,2022-07-02 21:29:19,16.3333,-15.0,94.64,23,97,19.01,overcast clouds
452,Bambanglipuro,ID,2022-07-02 21:29:19,-7.95,110.2833,75.47,94,67,3.96,broken clouds
453,Avanigadda,IN,2022-07-02 21:29:19,16.0215,80.9181,87.17,61,100,3.58,overcast clouds
454,Mangrol,IN,2022-07-02 21:29:20,21.1167,70.1167,82.81,83,100,17.52,overcast clouds
455,Bennettsville,US,2022-07-02 21:29:20,34.6174,-79.6848,92.19,54,40,1.01,scattered clouds
456,San Patricio,US,2022-07-02 21:29:20,28.017,-97.5169,96.55,51,30,20.0,scattered clouds
457,Flinders,AU,2022-07-02 21:27:47,-34.5833,150.8552,58.37,93,100,5.99,light rain
458,Berkovica,BA,2022-07-02 21:29:21,44.6156,18.4294,66.51,65,0,2.44,clear sky
459,Sohag,EG,2022-07-02 21:29:21,26.557,31.6948,88.09,27,0,6.87,clear sky
460,Moron,AR,2022-07-02 21:29:21,-34.6534,-58.6198,53.35,57,3,4.05,clear sky
461,Ada,US,2022-07-02 21:29:22,43.4166,-116.1262,92.01,20,0,12.66,clear sky
462,Hope,US,2022-07-02 21:29:22,33.6671,-93.5916,87.85,68,81,4.85,broken clouds
463,Laksham,BD,2022-07-02 21:29:22,23.2472,91.1425,78.06,96,63,5.5,light rain
464,Alice Springs,AU,2022-07-02 21:29:22,-23.7,133.8833,29.75,93,0,5.75,clear sky
465,Itaqui,BR,2022-07-02 21:29:23,-29.1253,-56.5531,64.18,84,100,10.11,overcast clouds
466,Tismana,RO,2022-07-02 21:29:23,45.05,22.9667,69.94,76,58,3.56,broken clouds
467,Shestakovo,RU,2022-07-02 21:29:23,56.4915,103.96,56.1,97,100,9.01,moderate rain
468,Lixourion,GR,2022-07-02 21:29:24,38.2019,20.4314,80.85,67,28,5.32,scattered clouds
469,General Roca,AR,2022-07-02 21:29:24,-39.0333,-67.5833,49.62,26,99,16.8,overcast clouds
470,Barcelos,PT,2022-07-02 21:26:54,41.5388,-8.6151,71.85,78,0,0.63,clear sky
471,Port Macquarie,AU,2022-07-02 21:29:10,-31.4333,152.9167,51.89,91,77,8.57,broken clouds
472,Dwarka,IN,2022-07-02 21:29:24,22.2394,68.9678,82.87,83,97,10.22,overcast clouds
473,Lethem,GY,2022-07-02 21:29:24,3.3803,-59.7968,82.83,73,90,7.43,overcast clouds
474,Ulladulla,AU,2022-07-02 21:29:25,-35.35,150.4667,54.5,75,100,20.04,overcast clouds
475,Amurzet,RU,2022-07-02 21:29:25,47.6967,131.0981,70.29,91,95,3.47,overcast clouds
476,Port Shepstone,ZA,2022-07-02 21:29:25,-30.7414,30.455,64.13,43,0,6.85,clear sky
477,De Aar,ZA,2022-07-02 21:29:26,-30.6497,24.0123,55.67,51,3,16.62,clear sky
478,Moratuwa,LK,2022-07-02 21:29:26,6.773,79.8816,80.62,85,62,17.4,broken clouds
479,Nisia Floresta,BR,2022-07-02 21:29:26,-6.0911,-35.2086,80.98,91,58,10.94,broken clouds
480,Nkhotakota,MW,2022-07-02 21:29:26,-12.9274,34.2961,66.85,63,55,4.79,broken clouds
481,Tornio,FI,2022-07-02 21:29:27,65.8481,24.1466,69.82,94,81,7.05,light rain
482,Qaqortoq,GL,2022-07-02 21:29:27,60.7167,-46.0333,48.07,67,50,4.21,scattered clouds
483,Sabang,ID,2022-07-02 21:29:27,5.8933,95.3214,83.39,73,100,23.0,overcast clouds
484,Adrar,MR,2022-07-02 21:29:28,20.5022,-10.0711,98.71,15,11,3.83,few clouds
485,Zhigansk,RU,2022-07-02 21:29:28,66.7697,123.3711,61.14,66,96,10.69,overcast clouds
486,Ca Mau,VN,2022-07-02 21:29:28,9.1769,105.15,76.96,94,100,3.89,overcast clouds
487,Gornyy,RU,2022-07-02 21:29:28,55.1153,83.9059,48.49,95,42,6.26,scattered clouds
488,Ekhabi,RU,2022-07-02 21:29:29,53.5102,142.9671,55.04,85,94,8.34,overcast clouds
489,Sand Springs,US,2022-07-02 21:29:29,36.1398,-96.1089,97.38,45,0,10.36,clear sky
490,San Matias,BO,2022-07-02 21:29:29,-16.3667,-58.4,89.65,33,64,6.13,broken clouds
491,Yelizovo,RU,2022-07-02 21:29:29,53.1873,158.3805,59.14,82,75,4.47,broken clouds
492,Kununurra,AU,2022-07-02 21:29:30,-15.7667,128.7333,62.58,51,20,10.36,few clouds
493,Ibra,OM,2022-07-02 21:29:30,22.6906,58.5334,91.6,45,100,7.2,overcast clouds
494,Ritchie,ZA,2022-07-02 21:29:30,-29.038,24.6028,54.61,51,33,10.74,scattered clouds
495,Dakoro,NE,2022-07-02 21:29:30,14.5106,6.765,93.07,33,66,9.42,broken clouds
496,Ludza,LV,2022-07-02 21:29:31,56.55,27.7167,67.37,79,100,4.54,overcast clouds
497,Liverpool,GB,2022-07-02 21:24:34,53.4106,-2.9779,58.64,75,20,11.5,few clouds
498,Tailai,CN,2022-07-02 21:29:31,46.3833,123.4,70.88,76,5,10.6,clear sky
499,Shipitsyno,RU,2022-07-02 21:29:31,61.2806,46.5208,52.11,93,70,3.85,broken clouds
500,Newcastle,AU,2022-07-02 21:24:45,-32.9272,151.7765,60.1,99,75,8.05,light intensity shower rain
501,Ayan,RU,2022-07-02 21:29:32,56.45,138.1667,59.52,79,91,3.62,overcast clouds
502,Chateauroux,FR,2022-07-02 21:29:32,46.8167,1.7,64.4,63,0,3.44,clear sky
503,Bonthe,SL,2022-07-02 21:29:32,7.5264,-12.505,77.14,84,85,8.37,light rain
504,Marienburg,PL,2022-07-02 21:29:32,54.0359,19.0266,60.87,88,0,2.1,clear sky
505,Ayacucho,PE,2022-07-02 21:29:33,-13.1583,-74.2239,73.26,8,0,2.3,clear sky
506,Qiongshan,CN,2022-07-02 21:29:33,20.0058,110.3542,76.98,94,40,6.71,light intensity shower rain
507,Urumqi,CN,2022-07-02 21:29:33,43.801,87.6005,67.15,60,0,6.71,clear sky
508,Bamnet Narong,TH,2022-07-02 21:29:33,15.4992,101.6897,76.86,83,100,11.56,overcast clouds
509,Vanavara,RU,2022-07-02 21:29:34,60.34,102.2797,58.37,78,100,11.79,overcast clouds
510,Atbasar,KZ,2022-07-02 21:29:21,51.8,68.3333,55.15,80,0,5.86,clear sky
511,Harboore,DK,2022-07-02 21:29:34,56.6175,8.1807,58.17,80,56,14.97,broken clouds
512,Shingu,JP,2022-07-02 21:29:34,33.7333,135.9833,75.02,94,100,4.23,moderate rain
513,Ishigaki,JP,2022-07-02 21:29:35,24.3448,124.1572,78.93,100,40,2.3,scattered clouds
514,Gao,ML,2022-07-02 21:29:35,16.6362,1.637,94.03,25,70,0.16,broken clouds
515,Maloy,NO,2022-07-02 21:29:35,61.9353,5.1136,60.53,83,95,13.04,overcast clouds
516,Severnyy,RU,2022-07-02 21:29:35,50.677,36.5532,60.84,67,0,6.71,clear sky
517,Hukuntsi,BW,2022-07-02 21:29:36,-24.0,21.75,57.99,56,22,10.78,few clouds
518,Thanh Hoa,VN,2022-07-02 21:29:36,19.8,105.7667,81.28,78,100,3.56,overcast clouds
519,Almaznyy,RU,2022-07-02 21:29:36,48.0448,40.045,60.04,62,0,13.09,clear sky
520,Hamilton,US,2022-07-02 21:27:20,39.1834,-84.5333,87.75,51,0,11.5,clear sky
521,Paramonga,PE,2022-07-02 21:29:36,-10.6667,-77.8333,65.68,75,32,8.57,scattered clouds
522,Laguna,US,2022-07-02 21:29:37,38.421,-121.4238,84.31,44,0,11.5,clear sky
523,Severodvinsk,RU,2022-07-02 21:29:37,64.5635,39.8302,51.91,90,4,0.45,clear sky
524,Hirado,JP,2022-07-02 21:29:37,33.3597,129.5531,78.55,81,99,0.56,overcast clouds
525,Esna,EG,2022-07-02 21:29:38,25.2934,32.554,87.82,22,0,6.6,clear sky
526,Galle,LK,2022-07-02 21:29:38,6.0367,80.217,79.72,85,40,18.86,scattered clouds
527,Innisfail,AU,2022-07-02 21:29:38,-17.5333,146.0333,68.34,94,100,7.4,overcast clouds
528,Larsnes,NO,2022-07-02 21:29:38,62.2028,5.5773,59.77,74,91,5.73,overcast clouds
529,Sao Jose Da Coroa Grande,BR,2022-07-02 21:29:39,-8.8978,-35.1478,76.24,80,54,13.69,broken clouds
530,Mirnyy,RU,2022-07-02 21:29:39,62.5353,113.9611,68.23,82,100,1.99,overcast clouds
531,Lesnoy,RU,2022-07-02 21:29:39,57.6198,63.0784,59.02,75,100,5.26,overcast clouds
532,Caborca,MX,2022-07-02 21:29:39,30.5838,-111.101,92.93,29,90,9.84,overcast clouds
533,Sur,OM,2022-07-02 21:29:40,22.5667,59.5289,90.61,62,100,5.61,overcast clouds
534,Aquiraz,BR,2022-07-02 21:29:40,-3.9014,-38.3911,81.18,84,42,8.55,scattered clouds
535,Komsomolskiy,UZ,2022-07-02 21:29:40,40.4272,71.7189,75.92,31,0,4.61,clear sky
536,Mayumba,GA,2022-07-02 21:29:41,-3.432,10.6554,71.15,92,36,3.65,scattered clouds
537,Yeppoon,AU,2022-07-02 21:29:41,-23.1333,150.7333,55.18,92,100,6.13,overcast clouds
538,Santa Ana,US,2022-07-02 21:29:30,33.7456,-117.8678,97.41,57,20,11.5,few clouds
539,Sri Aman,MY,2022-07-02 21:29:41,1.2376,111.4621,75.42,100,100,0.58,overcast clouds
540,Belen,TR,2022-07-02 21:29:41,36.4891,36.2233,71.74,78,20,9.22,few clouds
541,San Isidro,PE,2022-07-02 21:29:42,-12.1167,-77.05,72.01,65,100,8.05,overcast clouds
542,Chumikan,RU,2022-07-02 21:29:42,54.7183,135.315,57.51,96,97,3.36,light rain
543,Waddan,LY,2022-07-02 21:29:42,29.1614,16.139,88.34,18,0,9.15,clear sky
544,Zorritos,PE,2022-07-02 21:29:42,-3.6805,-80.6782,73.69,81,69,8.37,broken clouds
545,Cabedelo,BR,2022-07-02 21:29:43,-6.9811,-34.8339,77.67,85,18,17.38,few clouds
546,Luganville,VU,2022-07-02 21:29:43,-15.5333,167.1667,79.86,82,41,11.07,scattered clouds
547,Roma,US,2022-07-02 21:29:43,43.2128,-75.4557,80.82,40,0,11.5,clear sky
548,Paris,FR,2022-07-02 21:27:27,48.8534,2.3488,70.3,61,0,11.99,clear sky
549,Chifeng,CN,2022-07-02 21:25:32,42.2683,118.9636,69.98,81,100,5.66,overcast clouds
550,Baghdad,IQ,2022-07-02 21:28:02,33.3406,44.4009,89.51,25,0,6.91,clear sky
551,Homer,US,2022-07-02 21:29:44,59.6425,-151.5483,64.8,58,0,3.44,clear sky
552,Abnub,EG,2022-07-02 21:29:44,27.2696,31.1511,86.22,25,0,7.49,clear sky
553,Krasnoshchekovo,RU,2022-07-02 21:29:44,51.6708,82.7289,51.82,75,49,4.5,scattered clouds
554,Mabai,CN,2022-07-02 21:29:45,23.0128,104.4508,62.8,95,56,4.83,broken clouds
555,Bani Walid,LY,2022-07-02 21:29:45,31.7566,13.9942,86.72,24,4,5.28,clear sky
556,Akdepe,TM,2022-07-02 21:26:28,42.0551,59.3788,80.69,23,95,17.56,overcast clouds
557,Shubarkuduk,KZ,2022-07-02 21:29:45,49.1447,56.4872,73.89,28,100,10.78,overcast clouds
558,Brenes,ES,2022-07-02 21:29:45,37.5494,-5.8714,78.85,67,0,8.05,clear sky
559,Rio Duque,PA,2022-07-02 21:29:46,9.2667,-79.6833,85.05,77,90,4.36,overcast clouds
560,Hovd,MN,2022-07-02 21:29:46,48.0056,91.6419,59.47,32,32,4.63,scattered clouds
561,Buraydah,SA,2022-07-02 21:24:59,26.326,43.975,93.65,15,56,9.57,broken clouds
562,Road Town,VG,2022-07-02 21:28:11,18.4167,-64.6167,82.49,78,75,13.8,broken clouds
563,Puerto Penasco,MX,2022-07-02 21:29:46,31.3167,-113.5333,86.92,71,0,10.0,clear sky
564,Salinopolis,BR,2022-07-02 21:29:47,-0.6136,-47.3561,79.5,82,46,12.57,scattered clouds
565,Palmer,US,2022-07-02 21:29:47,42.1584,-72.3287,83.5,71,100,9.22,thunderstorm
566,Cangucu,BR,2022-07-02 21:29:47,-31.395,-52.6756,54.61,95,100,4.54,overcast clouds
567,Impfondo,CG,2022-07-02 21:29:47,1.6381,18.0667,69.85,86,100,1.61,overcast clouds
568,Umm Lajj,SA,2022-07-02 21:29:48,25.0213,37.2685,84.96,61,11,5.53,few clouds
569,Kapoeta,SS,2022-07-02 21:29:48,4.7717,33.5903,80.15,48,80,5.26,broken clouds
570,Ler,SS,2022-07-02 21:29:48,8.3018,30.1418,74.8,77,45,4.68,scattered clouds
571,Ternate,ID,2022-07-02 21:29:48,0.8,127.4,79.93,81,96,4.59,overcast clouds
572,Khatanga,RU,2022-07-02 21:29:49,71.9667,102.5,50.94,66,98,14.43,overcast clouds
573,Aklavik,CA,2022-07-02 21:29:49,68.2191,-135.0107,82.4,39,20,10.36,haze
574,Kalianget,ID,2022-07-02 21:29:49,-7.05,113.9333,80.2,84,24,10.42,few clouds
575,Vagamo,NO,2022-07-02 21:29:50,61.8751,9.0967,53.46,85,11,3.18,few clouds
576,Ubon Ratchathani,TH,2022-07-02 21:29:50,15.1667,105.1667,78.69,93,100,8.41,overcast clouds
577,Viedma,AR,2022-07-02 21:29:50,-40.8135,-62.9967,46.53,35,0,9.57,clear sky
578,Olinda,BR,2022-07-02 21:29:50,-8.0089,-34.8553,80.33,74,0,14.97,clear sky
579,Baoning,CN,2022-07-02 21:29:51,25.3378,110.026,75.06,100,100,2.24,light rain
580,Saint-Joseph,RE,2022-07-02 21:29:51,-21.3667,55.6167,66.58,76,48,14.25,scattered clouds
581,Jackson,US,2022-07-02 21:29:51,42.4165,-122.8345,83.16,43,0,13.8,clear sky
582,Dawlatabad,AF,2022-07-02 21:29:51,36.4141,64.9053,85.21,15,0,2.28,clear sky
583,Nuevo Progreso,MX,2022-07-02 21:29:52,23.1667,-97.95,92.53,52,48,5.99,scattered clouds
584,Sosva,RU,2022-07-02 21:29:52,59.1766,61.8558,60.19,71,100,4.72,overcast clouds
585,Cap Malheureux,MU,2022-07-02 21:29:52,-19.9842,57.6142,71.47,58,92,8.99,overcast clouds
586,Sivas,TR,2022-07-02 21:29:52,39.7916,37.0019,52.43,76,0,9.22,clear sky
